[
  {
    "id": "e37e650b-b93b-4599-9e9b-0f80fc40d1fb",
    "data": [
      {
        "text": "Norfolk",
        "alias": "geo-city",
        "meta": "@sys.geo-city",
        "userDefined": true
      }
    ],
    "isTemplate": false,
    "count": 0,
    "updated": 1519372258
  },
  {
    "id": "c3e6373c-f3d4-44dd-b06d-3e68f32744f1",
    "data": [
      {
        "text": "I am looking in ",
        "userDefined": false
      },
      {
        "text": "Norfolk",
        "alias": "geo-city",
        "meta": "@sys.geo-city",
        "userDefined": true
      },
      {
        "text": " city",
        "userDefined": false
      }
    ],
    "isTemplate": false,
    "count": 0,
    "updated": 1519372258
  },
  {
    "id": "7c397784-f8e1-43b5-bc46-967b6d6f46f5",
    "data": [
      {
        "text": "I am looking in ",
        "userDefined": false
      },
      {
        "text": "Norfolk",
        "alias": "geo-city",
        "meta": "@sys.geo-city",
        "userDefined": true
      }
    ],
    "isTemplate": false,
    "count": 0,
    "updated": 1519372258
  },
  {
    "id": "09d2e95e-af4a-43a4-8ed2-6bd2714507b3",
    "data": [
      {
        "text": "in ",
        "userDefined": false
      },
      {
        "text": "Norfolk",
        "alias": "geo-city",
        "meta": "@sys.geo-city",
        "userDefined": true
      }
    ],
    "isTemplate": false,
    "count": 0,
    "updated": 1519372258
  }
]