[
  {
    "id": "a7dc48f7-e8cb-43dd-a912-4ac581257e25",
    "data": [
      {
        "text": "sale",
        "alias": "sale_type",
        "meta": "@sale_type",
        "userDefined": true
      }
    ],
    "isTemplate": false,
    "count": 1,
    "updated": 1519370796
  },
  {
    "id": "7aacc130-da56-4354-bcbc-049d427908c1",
    "data": [
      {
        "text": "I am here to ",
        "userDefined": false
      },
      {
        "text": "buy",
        "alias": "sale_type",
        "meta": "@sale_type",
        "userDefined": false
      },
      {
        "text": " a ",
        "userDefined": false
      },
      {
        "text": "home",
        "alias": "property_type",
        "meta": "@property_type",
        "userDefined": false
      }
    ],
    "isTemplate": false,
    "count": 0,
    "updated": 1519370796
  },
  {
    "id": "a41f79ea-1761-4670-93cf-2f14d0fc67f2",
    "data": [
      {
        "text": "I am here to ",
        "userDefined": false
      },
      {
        "text": "buy",
        "alias": "sale_type",
        "meta": "@sale_type",
        "userDefined": true
      }
    ],
    "isTemplate": false,
    "count": 0,
    "updated": 1519370796
  },
  {
    "id": "1dcabdd5-2b7d-4d82-9164-5d1c2c56618d",
    "data": [
      {
        "text": "I am looking to ",
        "userDefined": false
      },
      {
        "text": "buy",
        "alias": "sale_type",
        "meta": "@sale_type",
        "userDefined": true
      }
    ],
    "isTemplate": false,
    "count": 0,
    "updated": 1519370796
  },
  {
    "id": "d4ccb4d2-52a4-457f-a2f6-102df0630d11",
    "data": [
      {
        "text": "I want to ",
        "userDefined": false
      },
      {
        "text": "buy",
        "alias": "sale_type",
        "meta": "@sale_type",
        "userDefined": true
      }
    ],
    "isTemplate": false,
    "count": 0,
    "updated": 1519370796
  },
  {
    "id": "46cbfa92-d847-4879-908e-cb314a18ada7",
    "data": [
      {
        "text": "Buy",
        "alias": "sale_type",
        "meta": "@sale_type",
        "userDefined": true
      }
    ],
    "isTemplate": false,
    "count": 0,
    "updated": 1519370796
  }
]