[
  {
    "id": "1d9b0be6-86d2-4cc7-8629-8e7e8e4c64c6",
    "data": [
      {
        "text": "I am looking for ",
        "userDefined": false
      },
      {
        "text": "3",
        "alias": "bedroom",
        "meta": "@sys.number",
        "userDefined": false
      },
      {
        "text": " bedrooms and ",
        "userDefined": false
      },
      {
        "text": "2",
        "alias": "bathroom",
        "meta": "@sys.number",
        "userDefined": false
      },
      {
        "text": " bathrooms within ",
        "userDefined": false
      },
      {
        "text": "200,000",
        "alias": "price",
        "meta": "@sys.unit-currency",
        "userDefined": true
      }
    ],
    "isTemplate": false,
    "count": 0,
    "updated": 1519376604
  },
  {
    "id": "cc16c416-463d-4106-b1b2-a23fbdaee273",
    "data": [
      {
        "text": "I am looking for ",
        "userDefined": false
      },
      {
        "text": "3",
        "alias": "bedroom",
        "meta": "@sys.number",
        "userDefined": false
      },
      {
        "text": " bedrooms and ",
        "userDefined": false
      },
      {
        "text": "2",
        "alias": "bathroom",
        "meta": "@sys.number",
        "userDefined": true
      },
      {
        "text": " bathrooms",
        "userDefined": false
      }
    ],
    "isTemplate": false,
    "count": 0,
    "updated": 1519376604
  },
  {
    "id": "d72755c1-8c0b-492f-8686-0a8d8a9749d0",
    "data": [
      {
        "text": "3",
        "alias": "bedroom",
        "meta": "@sys.number",
        "userDefined": true
      },
      {
        "text": " bedroom and ",
        "userDefined": false
      },
      {
        "text": "2",
        "alias": "bathroom",
        "meta": "@sys.number",
        "userDefined": true
      },
      {
        "text": " bathroom",
        "userDefined": false
      }
    ],
    "isTemplate": false,
    "count": 0,
    "updated": 1519376604
  },
  {
    "id": "cf723f0b-a647-4297-8fa5-a25759654149",
    "data": [
      {
        "text": "3",
        "alias": "bedroom",
        "meta": "@sys.number",
        "userDefined": true
      },
      {
        "text": " bedrooms",
        "userDefined": false
      }
    ],
    "isTemplate": false,
    "count": 0,
    "updated": 1519376604
  },
  {
    "id": "d60f702c-8966-46f0-afc3-1cba2f0c0077",
    "data": [
      {
        "text": "3",
        "alias": "bedroom",
        "meta": "@sys.number",
        "userDefined": true
      },
      {
        "text": " bhk and ",
        "userDefined": false
      },
      {
        "text": "2",
        "alias": "bathroom",
        "meta": "@sys.number",
        "userDefined": true
      },
      {
        "text": " bath",
        "userDefined": false
      }
    ],
    "isTemplate": false,
    "count": 0,
    "updated": 1519376604
  },
  {
    "id": "1be7cab3-dcb5-4201-b7a8-d1dd38349e17",
    "data": [
      {
        "text": "3",
        "alias": "bedroom",
        "meta": "@sys.number",
        "userDefined": false
      },
      {
        "text": " bhk",
        "userDefined": false
      }
    ],
    "isTemplate": false,
    "count": 0,
    "updated": 1519376604
  },
  {
    "id": "b562cf45-68ed-4a0f-bfc4-941334a7f010",
    "data": [
      {
        "text": "3",
        "alias": "bedroom",
        "meta": "@sys.number",
        "userDefined": false
      },
      {
        "text": " bedrooms",
        "userDefined": false
      }
    ],
    "isTemplate": false,
    "count": 0,
    "updated": 1519376604
  }
]