[
  {
    "id": "d95d08c4-c22b-4724-b4a7-f8e6a9d0b390",
    "data": [
      {
        "text": "Talk to ",
        "userDefined": false
      },
      {
        "text": "Dominion",
        "alias": "given-name",
        "meta": "@sys.given-name",
        "userDefined": false
      },
      {
        "text": " ",
        "userDefined": false
      },
      {
        "text": "Homes",
        "alias": "street-address",
        "meta": "@sys.street-address",
        "userDefined": false
      }
    ],
    "isTemplate": false,
    "count": 0,
    "updated": 1519372143
  },
  {
    "id": "bd16d836-d1a6-4730-b749-0d29685859cf",
    "data": [
      {
        "text": "Hello",
        "userDefined": false
      }
    ],
    "isTemplate": false,
    "count": 0,
    "updated": 1519372143
  }
]