[
  {
    "id": "8c4323b2-4ae0-4a78-93e9-6c1dc09abf27",
    "data": [
      {
        "text": "zipcode",
        "alias": "zip-code",
        "meta": "@sys.zip-code",
        "userDefined": true
      },
      {
        "text": " and ",
        "userDefined": false
      },
      {
        "text": "city",
        "alias": "geo-city",
        "meta": "@sys.geo-city",
        "userDefined": true
      }
    ],
    "isTemplate": false,
    "count": 0,
    "updated": 1519346609
  },
  {
    "id": "2bfbbae7-970d-4bc8-800f-af737f90c5e4",
    "data": [
      {
        "text": "start the work",
        "userDefined": false
      }
    ],
    "isTemplate": false,
    "count": 0,
    "updated": 1519346609
  }
]